id,calendar_id/id,name,dayofweek,hour_from,hour_to,day_period,non_teaching/id
__import__.schedule_framework_eso_0_01,__import__.schedule_framework_eso,Free,0,8,9,morning,
__import__.schedule_framework_eso_0_02,__import__.schedule_framework_eso,Free,0,9,10,morning,
__import__.schedule_framework_eso_0_03,__import__.schedule_framework_eso,BR: Break,0,10,10.416667,morning,ems.non_teaching_br
__import__.schedule_framework_eso_0_04,__import__.schedule_framework_eso,Free,0,10.416667,11.416667,morning,
__import__.schedule_framework_eso_0_05,__import__.schedule_framework_eso,Free,0,11.416667,12.416667,morning,
__import__.schedule_framework_eso_0_06,__import__.schedule_framework_eso,BR: Break,0,12.416667,12.666667,afternoon,ems.non_teaching_br
__import__.schedule_framework_eso_0_07,__import__.schedule_framework_eso,Free,0,12.666667,13.666667,afternoon,
__import__.schedule_framework_eso_0_08,__import__.schedule_framework_eso,Free,0,13.666667,14.666667,afternoon,
__import__.schedule_framework_eso_1_01,__import__.schedule_framework_eso,Free,1,8,9,morning,
__import__.schedule_framework_eso_1_02,__import__.schedule_framework_eso,Free,1,9,10,morning,
__import__.schedule_framework_eso_1_03,__import__.schedule_framework_eso,BR: Break,1,10,10.416667,morning,ems.non_teaching_br
__import__.schedule_framework_eso_1_04,__import__.schedule_framework_eso,Free,1,10.416667,11.416667,morning,
__import__.schedule_framework_eso_1_05,__import__.schedule_framework_eso,Free,1,11.416667,12.416667,morning,
__import__.schedule_framework_eso_1_06,__import__.schedule_framework_eso,BR: Break,1,12.416667,12.666667,afternoon,ems.non_teaching_br
__import__.schedule_framework_eso_1_07,__import__.schedule_framework_eso,Free,1,12.666667,13.666667,afternoon,
__import__.schedule_framework_eso_1_08,__import__.schedule_framework_eso,Free,1,13.666667,14.666667,afternoon,
__import__.schedule_framework_eso_2_01,__import__.schedule_framework_eso,Free,2,8,9,morning,
__import__.schedule_framework_eso_2_02,__import__.schedule_framework_eso,Free,2,9,10,morning,
__import__.schedule_framework_eso_2_03,__import__.schedule_framework_eso,BR: Break,2,10,10.416667,morning,ems.non_teaching_br
__import__.schedule_framework_eso_2_04,__import__.schedule_framework_eso,Free,2,10.416667,11.416667,morning,
__import__.schedule_framework_eso_2_05,__import__.schedule_framework_eso,Free,2,11.416667,12.416667,morning,
__import__.schedule_framework_eso_2_06,__import__.schedule_framework_eso,BR: Break,2,12.416667,12.666667,afternoon,ems.non_teaching_br
__import__.schedule_framework_eso_2_07,__import__.schedule_framework_eso,Free,2,12.666667,13.666667,afternoon,
__import__.schedule_framework_eso_2_08,__import__.schedule_framework_eso,Free,2,13.666667,14.666667,afternoon,
__import__.schedule_framework_eso_2_09,__import__.schedule_framework_eso,CM: Coordination Meeting,2,16,18,afternoon,ems.non_teaching_cm
__import__.schedule_framework_eso_3_01,__import__.schedule_framework_eso,Free,3,8,9,morning,
__import__.schedule_framework_eso_3_02,__import__.schedule_framework_eso,Free,3,9,10,morning,
__import__.schedule_framework_eso_3_03,__import__.schedule_framework_eso,BR: Break,3,10,10.416667,morning,ems.non_teaching_br
__import__.schedule_framework_eso_3_04,__import__.schedule_framework_eso,Free,3,10.416667,11.416667,morning,
__import__.schedule_framework_eso_3_05,__import__.schedule_framework_eso,Free,3,11.416667,12.416667,morning,
__import__.schedule_framework_eso_3_06,__import__.schedule_framework_eso,BR: Break,3,12.416667,12.666667,afternoon,ems.non_teaching_br
__import__.schedule_framework_eso_3_07,__import__.schedule_framework_eso,Free,3,12.666667,13.666667,afternoon,
__import__.schedule_framework_eso_3_08,__import__.schedule_framework_eso,Free,3,13.666667,14.666667,afternoon,
__import__.schedule_framework_eso_4_01,__import__.schedule_framework_eso,Free,4,8,9,morning,
__import__.schedule_framework_eso_4_02,__import__.schedule_framework_eso,Free,4,9,10,morning,
__import__.schedule_framework_eso_4_03,__import__.schedule_framework_eso,BR: Break,4,10,10.416667,morning,ems.non_teaching_br
__import__.schedule_framework_eso_4_04,__import__.schedule_framework_eso,Free,4,10.416667,11.416667,morning,
__import__.schedule_framework_eso_4_05,__import__.schedule_framework_eso,Free,4,11.416667,12.416667,morning,
__import__.schedule_framework_eso_4_06,__import__.schedule_framework_eso,BR: Break,4,12.416667,12.666667,afternoon,ems.non_teaching_br
__import__.schedule_framework_eso_4_07,__import__.schedule_framework_eso,Free,4,12.666667,13.666667,afternoon,
__import__.schedule_framework_eso_4_08,__import__.schedule_framework_eso,Free,4,13.666667,14.666667,afternoon,
__import__.schedule_framework_btx_0_01,__import__.schedule_framework_btx,Free,0,8,9,morning,
__import__.schedule_framework_btx_0_02,__import__.schedule_framework_btx,Free,0,9,10,morning,
__import__.schedule_framework_btx_0_03,__import__.schedule_framework_btx,BR: Break,0,10,10.416667,morning,ems.non_teaching_br
__import__.schedule_framework_btx_0_04,__import__.schedule_framework_btx,Free,0,10.416667,11.416667,morning,
__import__.schedule_framework_btx_0_05,__import__.schedule_framework_btx,Free,0,11.416667,12.416667,morning,
__import__.schedule_framework_btx_0_06,__import__.schedule_framework_btx,BR: Break,0,12.416667,12.666667,afternoon,ems.non_teaching_br
__import__.schedule_framework_btx_0_07,__import__.schedule_framework_btx,Free,0,12.666667,13.666667,afternoon,
__import__.schedule_framework_btx_0_08,__import__.schedule_framework_btx,Free,0,13.666667,14.666667,afternoon,
__import__.schedule_framework_btx_1_01,__import__.schedule_framework_btx,Free,1,8,9,morning,
__import__.schedule_framework_btx_1_02,__import__.schedule_framework_btx,Free,1,9,10,morning,
__import__.schedule_framework_btx_1_03,__import__.schedule_framework_btx,BR: Break,1,10,10.416667,morning,ems.non_teaching_br
__import__.schedule_framework_btx_1_04,__import__.schedule_framework_btx,Free,1,10.416667,11.416667,morning,
__import__.schedule_framework_btx_1_05,__import__.schedule_framework_btx,Free,1,11.416667,12.416667,morning,
__import__.schedule_framework_btx_1_06,__import__.schedule_framework_btx,BR: Break,1,12.416667,12.666667,afternoon,ems.non_teaching_br
__import__.schedule_framework_btx_1_07,__import__.schedule_framework_btx,Free,1,12.666667,13.666667,afternoon,
__import__.schedule_framework_btx_1_08,__import__.schedule_framework_btx,Free,1,13.666667,14.666667,afternoon,
__import__.schedule_framework_btx_2_01,__import__.schedule_framework_btx,Free,2,8,9,morning,
__import__.schedule_framework_btx_2_02,__import__.schedule_framework_btx,Free,2,9,10,morning,
__import__.schedule_framework_btx_2_03,__import__.schedule_framework_btx,BR: Break,2,10,10.416667,morning,ems.non_teaching_br
__import__.schedule_framework_btx_2_04,__import__.schedule_framework_btx,Free,2,10.416667,11.416667,morning,
__import__.schedule_framework_btx_2_05,__import__.schedule_framework_btx,Free,2,11.416667,12.416667,morning,
__import__.schedule_framework_btx_2_06,__import__.schedule_framework_btx,BR: Break,2,12.416667,12.666667,afternoon,ems.non_teaching_br
__import__.schedule_framework_btx_2_07,__import__.schedule_framework_btx,Free,2,12.666667,13.666667,afternoon,
__import__.schedule_framework_btx_2_08,__import__.schedule_framework_btx,Free,2,13.666667,14.666667,afternoon,
__import__.schedule_framework_btx_2_09,__import__.schedule_framework_btx,CM: Coordination Meeting,2,16,18,afternoon,ems.non_teaching_cm
__import__.schedule_framework_btx_3_01,__import__.schedule_framework_btx,Free,3,8,9,morning,
__import__.schedule_framework_btx_3_02,__import__.schedule_framework_btx,Free,3,9,10,morning,
__import__.schedule_framework_btx_3_03,__import__.schedule_framework_btx,BR: Break,3,10,10.416667,morning,ems.non_teaching_br
__import__.schedule_framework_btx_3_04,__import__.schedule_framework_btx,Free,3,10.416667,11.416667,morning,
__import__.schedule_framework_btx_3_05,__import__.schedule_framework_btx,Free,3,11.416667,12.416667,morning,
__import__.schedule_framework_btx_3_06,__import__.schedule_framework_btx,BR: Break,3,12.416667,12.666667,afternoon,ems.non_teaching_br
__import__.schedule_framework_btx_3_07,__import__.schedule_framework_btx,Free,3,12.666667,13.666667,afternoon,
__import__.schedule_framework_btx_3_08,__import__.schedule_framework_btx,Free,3,13.666667,14.666667,afternoon,
__import__.schedule_framework_btx_4_01,__import__.schedule_framework_btx,Free,4,8,9,morning,
__import__.schedule_framework_btx_4_02,__import__.schedule_framework_btx,Free,4,9,10,morning,
__import__.schedule_framework_btx_4_03,__import__.schedule_framework_btx,BR: Break,4,10,10.416667,morning,ems.non_teaching_br
__import__.schedule_framework_btx_4_04,__import__.schedule_framework_btx,Free,4,10.416667,11.416667,morning,
__import__.schedule_framework_btx_4_05,__import__.schedule_framework_btx,Free,4,11.416667,12.416667,morning,
__import__.schedule_framework_btx_4_06,__import__.schedule_framework_btx,BR: Break,4,12.416667,12.666667,afternoon,ems.non_teaching_br
__import__.schedule_framework_btx_4_07,__import__.schedule_framework_btx,Free,4,12.666667,13.666667,afternoon,
__import__.schedule_framework_btx_4_08,__import__.schedule_framework_btx,Free,4,13.666667,14.666667,afternoon,
__import__.schedule_framework_cfgm_0_01,__import__.schedule_framework_cfgm,Free,0,8,9,morning,
__import__.schedule_framework_cfgm_0_02,__import__.schedule_framework_cfgm,Free,0,9,10,morning,
__import__.schedule_framework_cfgm_0_03,__import__.schedule_framework_cfgm,Free,0,10,11,morning,
__import__.schedule_framework_cfgm_0_04,__import__.schedule_framework_cfgm,BR: Break,0,11,11.416667,morning,ems.non_teaching_br
__import__.schedule_framework_cfgm_0_05,__import__.schedule_framework_cfgm,Free,0,11.416667,12.416667,morning,
__import__.schedule_framework_cfgm_0_06,__import__.schedule_framework_cfgm,Free,0,12.416667,13.416667,afternoon,
__import__.schedule_framework_cfgm_0_07,__import__.schedule_framework_cfgm,Free,0,13.416667,14.416667,afternoon,
__import__.schedule_framework_cfgm_0_08,__import__.schedule_framework_cfgm,Free,0,16,17,afternoon,
__import__.schedule_framework_cfgm_0_09,__import__.schedule_framework_cfgm,Free,0,17,18,afternoon,
__import__.schedule_framework_cfgm_0_10,__import__.schedule_framework_cfgm,BR: Break,0,18,18.333333,afternoon,ems.non_teaching_br
__import__.schedule_framework_cfgm_0_11,__import__.schedule_framework_cfgm,Free,0,18.333333,19.333333,afternoon,
__import__.schedule_framework_cfgm_0_12,__import__.schedule_framework_cfgm,Free,0,19.333333,20.333333,afternoon,
__import__.schedule_framework_cfgm_0_13,__import__.schedule_framework_cfgm,Free,0,20.333333,21.333333,afternoon,
__import__.schedule_framework_cfgm_1_01,__import__.schedule_framework_cfgm,Free,1,8,9,morning,
__import__.schedule_framework_cfgm_1_02,__import__.schedule_framework_cfgm,Free,1,9,10,morning,
__import__.schedule_framework_cfgm_1_03,__import__.schedule_framework_cfgm,Free,1,10,11,morning,
__import__.schedule_framework_cfgm_1_04,__import__.schedule_framework_cfgm,BR: Break,1,11,11.416667,morning,ems.non_teaching_br
__import__.schedule_framework_cfgm_1_05,__import__.schedule_framework_cfgm,Free,1,11.416667,12.416667,morning,
__import__.schedule_framework_cfgm_1_06,__import__.schedule_framework_cfgm,Free,1,12.416667,13.416667,afternoon,
__import__.schedule_framework_cfgm_1_07,__import__.schedule_framework_cfgm,Free,1,13.416667,14.416667,afternoon,
__import__.schedule_framework_cfgm_1_08,__import__.schedule_framework_cfgm,Free,1,16,17,afternoon,
__import__.schedule_framework_cfgm_1_09,__import__.schedule_framework_cfgm,Free,1,17,18,afternoon,
__import__.schedule_framework_cfgm_1_10,__import__.schedule_framework_cfgm,BR: Break,1,18,18.333333,afternoon,ems.non_teaching_br
__import__.schedule_framework_cfgm_1_11,__import__.schedule_framework_cfgm,Free,1,18.333333,19.333333,afternoon,
__import__.schedule_framework_cfgm_1_12,__import__.schedule_framework_cfgm,Free,1,19.333333,20.333333,afternoon,
__import__.schedule_framework_cfgm_1_13,__import__.schedule_framework_cfgm,Free,1,20.333333,21.333333,afternoon,
__import__.schedule_framework_cfgm_3_01,__import__.schedule_framework_cfgm,Free,3,8,9,morning,
__import__.schedule_framework_cfgm_3_02,__import__.schedule_framework_cfgm,Free,3,9,10,morning,
__import__.schedule_framework_cfgm_3_03,__import__.schedule_framework_cfgm,Free,3,10,11,morning,
__import__.schedule_framework_cfgm_3_04,__import__.schedule_framework_cfgm,BR: Break,3,11,11.416667,morning,ems.non_teaching_br
__import__.schedule_framework_cfgm_3_05,__import__.schedule_framework_cfgm,Free,3,11.416667,12.416667,morning,
__import__.schedule_framework_cfgm_3_06,__import__.schedule_framework_cfgm,Free,3,12.416667,13.416667,afternoon,
__import__.schedule_framework_cfgm_3_07,__import__.schedule_framework_cfgm,Free,3,13.416667,14.416667,afternoon,
__import__.schedule_framework_cfgm_3_08,__import__.schedule_framework_cfgm,Free,3,16,17,afternoon,
__import__.schedule_framework_cfgm_3_09,__import__.schedule_framework_cfgm,Free,3,17,18,afternoon,
__import__.schedule_framework_cfgm_3_10,__import__.schedule_framework_cfgm,BR: Break,3,18,18.333333,afternoon,ems.non_teaching_br
__import__.schedule_framework_cfgm_3_11,__import__.schedule_framework_cfgm,Free,3,18.333333,19.333333,afternoon,
__import__.schedule_framework_cfgm_3_12,__import__.schedule_framework_cfgm,Free,3,19.333333,20.333333,afternoon,
__import__.schedule_framework_cfgm_3_13,__import__.schedule_framework_cfgm,Free,3,20.333333,21.333333,afternoon,
__import__.schedule_framework_cfgm_4_01,__import__.schedule_framework_cfgm,Free,4,8,9,morning,
__import__.schedule_framework_cfgm_4_02,__import__.schedule_framework_cfgm,Free,4,9,10,morning,
__import__.schedule_framework_cfgm_4_03,__import__.schedule_framework_cfgm,Free,4,10,11,morning,
__import__.schedule_framework_cfgm_4_04,__import__.schedule_framework_cfgm,BR: Break,4,11,11.416667,morning,ems.non_teaching_br
__import__.schedule_framework_cfgm_4_05,__import__.schedule_framework_cfgm,Free,4,11.416667,12.416667,morning,
__import__.schedule_framework_cfgm_4_06,__import__.schedule_framework_cfgm,Free,4,12.416667,13.416667,afternoon,
__import__.schedule_framework_cfgm_4_07,__import__.schedule_framework_cfgm,Free,4,13.416667,14.416667,afternoon,
__import__.schedule_framework_cfgm_4_08,__import__.schedule_framework_cfgm,Free,4,16,17,afternoon,
__import__.schedule_framework_cfgm_4_09,__import__.schedule_framework_cfgm,Free,4,17,18,afternoon,
__import__.schedule_framework_cfgm_4_10,__import__.schedule_framework_cfgm,BR: Break,4,18,18.333333,afternoon,ems.non_teaching_br
__import__.schedule_framework_cfgm_4_11,__import__.schedule_framework_cfgm,Free,4,18.333333,19.333333,afternoon,
__import__.schedule_framework_cfgm_4_12,__import__.schedule_framework_cfgm,Free,4,19.333333,20.333333,afternoon,
__import__.schedule_framework_cfgm_4_13,__import__.schedule_framework_cfgm,Free,4,20.333333,21.333333,afternoon,
__import__.schedule_framework_cfgm_2_01,__import__.schedule_framework_cfgm,Free,2,8,9,morning,
__import__.schedule_framework_cfgm_2_02,__import__.schedule_framework_cfgm,Free,2,9,10,morning,
__import__.schedule_framework_cfgm_2_03,__import__.schedule_framework_cfgm,Free,2,10,11,morning,
__import__.schedule_framework_cfgm_2_04,__import__.schedule_framework_cfgm,BR: Break,2,11,11.416667,morning,ems.non_teaching_br
__import__.schedule_framework_cfgm_2_05,__import__.schedule_framework_cfgm,Free,2,11.416667,12.416667,morning,
__import__.schedule_framework_cfgm_2_06,__import__.schedule_framework_cfgm,Free,2,12.416667,13.416667,afternoon,
__import__.schedule_framework_cfgm_2_07,__import__.schedule_framework_cfgm,CM: Coordination Meeting,2,14,16,afternoon,ems.non_teaching_cm
__import__.schedule_framework_cfgm_2_08,__import__.schedule_framework_cfgm,Free,2,16,17,afternoon,
__import__.schedule_framework_cfgm_2_09,__import__.schedule_framework_cfgm,Free,2,17,18,afternoon,
__import__.schedule_framework_cfgm_2_10,__import__.schedule_framework_cfgm,BR: Break,2,18,18.333333,afternoon,ems.non_teaching_br
__import__.schedule_framework_cfgm_2_11,__import__.schedule_framework_cfgm,Free,2,18.333333,19.333333,afternoon,
__import__.schedule_framework_cfgm_2_12,__import__.schedule_framework_cfgm,Free,2,19.333333,20.333333,afternoon,
__import__.schedule_framework_cfgm_2_13,__import__.schedule_framework_cfgm,Free,2,20.333333,21.333333,afternoon,
__import__.schedule_framework_cfgs_0_01,__import__.schedule_framework_cfgs,Free,0,8,9,morning,
__import__.schedule_framework_cfgs_0_02,__import__.schedule_framework_cfgs,Free,0,9,10,morning,
__import__.schedule_framework_cfgs_0_03,__import__.schedule_framework_cfgs,Free,0,10,11,morning,
__import__.schedule_framework_cfgs_0_04,__import__.schedule_framework_cfgs,BR: Break,0,11,11.416667,morning,ems.non_teaching_br
__import__.schedule_framework_cfgs_0_05,__import__.schedule_framework_cfgs,Free,0,11.416667,12.416667,morning,
__import__.schedule_framework_cfgs_0_06,__import__.schedule_framework_cfgs,Free,0,12.416667,13.416667,afternoon,
__import__.schedule_framework_cfgs_0_07,__import__.schedule_framework_cfgs,Free,0,13.416667,14.416667,afternoon,
__import__.schedule_framework_cfgs_0_08,__import__.schedule_framework_cfgs,Free,0,16,17,afternoon,
__import__.schedule_framework_cfgs_0_09,__import__.schedule_framework_cfgs,Free,0,17,18,afternoon,
__import__.schedule_framework_cfgs_0_10,__import__.schedule_framework_cfgs,BR: Break,0,18,18.333333,afternoon,ems.non_teaching_br
__import__.schedule_framework_cfgs_0_11,__import__.schedule_framework_cfgs,Free,0,18.333333,19.333333,afternoon,
__import__.schedule_framework_cfgs_0_12,__import__.schedule_framework_cfgs,Free,0,19.333333,20.333333,afternoon,
__import__.schedule_framework_cfgs_0_13,__import__.schedule_framework_cfgs,Free,0,20.333333,21.333333,afternoon,
__import__.schedule_framework_cfgs_1_01,__import__.schedule_framework_cfgs,Free,1,8,9,morning,
__import__.schedule_framework_cfgs_1_02,__import__.schedule_framework_cfgs,Free,1,9,10,morning,
__import__.schedule_framework_cfgs_1_03,__import__.schedule_framework_cfgs,Free,1,10,11,morning,
__import__.schedule_framework_cfgs_1_04,__import__.schedule_framework_cfgs,BR: Break,1,11,11.416667,morning,ems.non_teaching_br
__import__.schedule_framework_cfgs_1_05,__import__.schedule_framework_cfgs,Free,1,11.416667,12.416667,morning,
__import__.schedule_framework_cfgs_1_06,__import__.schedule_framework_cfgs,Free,1,12.416667,13.416667,afternoon,
__import__.schedule_framework_cfgs_1_07,__import__.schedule_framework_cfgs,Free,1,13.416667,14.416667,afternoon,
__import__.schedule_framework_cfgs_1_08,__import__.schedule_framework_cfgs,Free,1,16,17,afternoon,
__import__.schedule_framework_cfgs_1_09,__import__.schedule_framework_cfgs,Free,1,17,18,afternoon,
__import__.schedule_framework_cfgs_1_10,__import__.schedule_framework_cfgs,BR: Break,1,18,18.333333,afternoon,ems.non_teaching_br
__import__.schedule_framework_cfgs_1_11,__import__.schedule_framework_cfgs,Free,1,18.333333,19.333333,afternoon,
__import__.schedule_framework_cfgs_1_12,__import__.schedule_framework_cfgs,Free,1,19.333333,20.333333,afternoon,
__import__.schedule_framework_cfgs_1_13,__import__.schedule_framework_cfgs,Free,1,20.333333,21.333333,afternoon,
__import__.schedule_framework_cfgs_3_01,__import__.schedule_framework_cfgs,Free,3,8,9,morning,
__import__.schedule_framework_cfgs_3_02,__import__.schedule_framework_cfgs,Free,3,9,10,morning,
__import__.schedule_framework_cfgs_3_03,__import__.schedule_framework_cfgs,Free,3,10,11,morning,
__import__.schedule_framework_cfgs_3_04,__import__.schedule_framework_cfgs,BR: Break,3,11,11.416667,morning,ems.non_teaching_br
__import__.schedule_framework_cfgs_3_05,__import__.schedule_framework_cfgs,Free,3,11.416667,12.416667,morning,
__import__.schedule_framework_cfgs_3_06,__import__.schedule_framework_cfgs,Free,3,12.416667,13.416667,afternoon,
__import__.schedule_framework_cfgs_3_07,__import__.schedule_framework_cfgs,Free,3,13.416667,14.416667,afternoon,
__import__.schedule_framework_cfgs_3_08,__import__.schedule_framework_cfgs,Free,3,16,17,afternoon,
__import__.schedule_framework_cfgs_3_09,__import__.schedule_framework_cfgs,Free,3,17,18,afternoon,
__import__.schedule_framework_cfgs_3_10,__import__.schedule_framework_cfgs,BR: Break,3,18,18.333333,afternoon,ems.non_teaching_br
__import__.schedule_framework_cfgs_3_11,__import__.schedule_framework_cfgs,Free,3,18.333333,19.333333,afternoon,
__import__.schedule_framework_cfgs_3_12,__import__.schedule_framework_cfgs,Free,3,19.333333,20.333333,afternoon,
__import__.schedule_framework_cfgs_3_13,__import__.schedule_framework_cfgs,Free,3,20.333333,21.333333,afternoon,
__import__.schedule_framework_cfgs_4_01,__import__.schedule_framework_cfgs,Free,4,8,9,morning,
__import__.schedule_framework_cfgs_4_02,__import__.schedule_framework_cfgs,Free,4,9,10,morning,
__import__.schedule_framework_cfgs_4_03,__import__.schedule_framework_cfgs,Free,4,10,11,morning,
__import__.schedule_framework_cfgs_4_04,__import__.schedule_framework_cfgs,BR: Break,4,11,11.416667,morning,ems.non_teaching_br
__import__.schedule_framework_cfgs_4_05,__import__.schedule_framework_cfgs,Free,4,11.416667,12.416667,morning,
__import__.schedule_framework_cfgs_4_06,__import__.schedule_framework_cfgs,Free,4,12.416667,13.416667,afternoon,
__import__.schedule_framework_cfgs_4_07,__import__.schedule_framework_cfgs,Free,4,13.416667,14.416667,afternoon,
__import__.schedule_framework_cfgs_4_08,__import__.schedule_framework_cfgs,Free,4,16,17,afternoon,
__import__.schedule_framework_cfgs_4_09,__import__.schedule_framework_cfgs,Free,4,17,18,afternoon,
__import__.schedule_framework_cfgs_4_10,__import__.schedule_framework_cfgs,BR: Break,4,18,18.333333,afternoon,ems.non_teaching_br
__import__.schedule_framework_cfgs_4_11,__import__.schedule_framework_cfgs,Free,4,18.333333,19.333333,afternoon,
__import__.schedule_framework_cfgs_4_12,__import__.schedule_framework_cfgs,Free,4,19.333333,20.333333,afternoon,
__import__.schedule_framework_cfgs_4_13,__import__.schedule_framework_cfgs,Free,4,20.333333,21.333333,afternoon,
__import__.schedule_framework_cfgs_2_01,__import__.schedule_framework_cfgs,Free,2,8,9,morning,
__import__.schedule_framework_cfgs_2_02,__import__.schedule_framework_cfgs,Free,2,9,10,morning,
__import__.schedule_framework_cfgs_2_03,__import__.schedule_framework_cfgs,Free,2,10,11,morning,
__import__.schedule_framework_cfgs_2_04,__import__.schedule_framework_cfgs,BR: Break,2,11,11.416667,morning,ems.non_teaching_br
__import__.schedule_framework_cfgs_2_05,__import__.schedule_framework_cfgs,Free,2,11.416667,12.416667,morning,
__import__.schedule_framework_cfgs_2_06,__import__.schedule_framework_cfgs,Free,2,12.416667,13.416667,afternoon,
__import__.schedule_framework_cfgs_2_07,__import__.schedule_framework_cfgs,CM: Coordination Meeting,2,14,16,afternoon,ems.non_teaching_cm
__import__.schedule_framework_cfgs_2_08,__import__.schedule_framework_cfgs,Free,2,16,17,afternoon,
__import__.schedule_framework_cfgs_2_09,__import__.schedule_framework_cfgs,Free,2,17,18,afternoon,
__import__.schedule_framework_cfgs_2_10,__import__.schedule_framework_cfgs,BR: Break,2,18,18.333333,afternoon,ems.non_teaching_br
__import__.schedule_framework_cfgs_2_11,__import__.schedule_framework_cfgs,Free,2,18.333333,19.333333,afternoon,
__import__.schedule_framework_cfgs_2_12,__import__.schedule_framework_cfgs,Free,2,19.333333,20.333333,afternoon,
__import__.schedule_framework_cfgs_2_13,__import__.schedule_framework_cfgs,Free,2,20.333333,21.333333,afternoon,
__import__.schedule_framework_cfgb_0_01,__import__.schedule_framework_cfgb,Free,0,8,9,morning,
__import__.schedule_framework_cfgb_0_02,__import__.schedule_framework_cfgb,Free,0,9,10,morning,
__import__.schedule_framework_cfgb_0_03,__import__.schedule_framework_cfgb,Free,0,10,11,morning,
__import__.schedule_framework_cfgb_0_04,__import__.schedule_framework_cfgb,BR: Break,0,11,11.416667,morning,ems.non_teaching_br
__import__.schedule_framework_cfgb_0_05,__import__.schedule_framework_cfgb,Free,0,11.416667,12.416667,morning,
__import__.schedule_framework_cfgb_0_06,__import__.schedule_framework_cfgb,Free,0,12.416667,13.416667,afternoon,
__import__.schedule_framework_cfgb_0_07,__import__.schedule_framework_cfgb,Free,0,13.416667,14.416667,afternoon,
__import__.schedule_framework_cfgb_0_08,__import__.schedule_framework_cfgb,Free,0,16,17,afternoon,
__import__.schedule_framework_cfgb_0_09,__import__.schedule_framework_cfgb,Free,0,17,18,afternoon,
__import__.schedule_framework_cfgb_0_10,__import__.schedule_framework_cfgb,BR: Break,0,18,18.333333,afternoon,ems.non_teaching_br
__import__.schedule_framework_cfgb_0_11,__import__.schedule_framework_cfgb,Free,0,18.333333,19.333333,afternoon,
__import__.schedule_framework_cfgb_0_12,__import__.schedule_framework_cfgb,Free,0,19.333333,20.333333,afternoon,
__import__.schedule_framework_cfgb_0_13,__import__.schedule_framework_cfgb,Free,0,20.333333,21.333333,afternoon,
__import__.schedule_framework_cfgb_1_01,__import__.schedule_framework_cfgb,Free,1,8,9,morning,
__import__.schedule_framework_cfgb_1_02,__import__.schedule_framework_cfgb,Free,1,9,10,morning,
__import__.schedule_framework_cfgb_1_03,__import__.schedule_framework_cfgb,Free,1,10,11,morning,
__import__.schedule_framework_cfgb_1_04,__import__.schedule_framework_cfgb,BR: Break,1,11,11.416667,morning,ems.non_teaching_br
__import__.schedule_framework_cfgb_1_05,__import__.schedule_framework_cfgb,Free,1,11.416667,12.416667,morning,
__import__.schedule_framework_cfgb_1_06,__import__.schedule_framework_cfgb,Free,1,12.416667,13.416667,afternoon,
__import__.schedule_framework_cfgb_1_07,__import__.schedule_framework_cfgb,Free,1,13.416667,14.416667,afternoon,
__import__.schedule_framework_cfgb_1_08,__import__.schedule_framework_cfgb,Free,1,16,17,afternoon,
__import__.schedule_framework_cfgb_1_09,__import__.schedule_framework_cfgb,Free,1,17,18,afternoon,
__import__.schedule_framework_cfgb_1_10,__import__.schedule_framework_cfgb,BR: Break,1,18,18.333333,afternoon,ems.non_teaching_br
__import__.schedule_framework_cfgb_1_11,__import__.schedule_framework_cfgb,Free,1,18.333333,19.333333,afternoon,
__import__.schedule_framework_cfgb_1_12,__import__.schedule_framework_cfgb,Free,1,19.333333,20.333333,afternoon,
__import__.schedule_framework_cfgb_1_13,__import__.schedule_framework_cfgb,Free,1,20.333333,21.333333,afternoon,
__import__.schedule_framework_cfgb_3_01,__import__.schedule_framework_cfgb,Free,3,8,9,morning,
__import__.schedule_framework_cfgb_3_02,__import__.schedule_framework_cfgb,Free,3,9,10,morning,
__import__.schedule_framework_cfgb_3_03,__import__.schedule_framework_cfgb,Free,3,10,11,morning,
__import__.schedule_framework_cfgb_3_04,__import__.schedule_framework_cfgb,BR: Break,3,11,11.416667,morning,ems.non_teaching_br
__import__.schedule_framework_cfgb_3_05,__import__.schedule_framework_cfgb,Free,3,11.416667,12.416667,morning,
__import__.schedule_framework_cfgb_3_06,__import__.schedule_framework_cfgb,Free,3,12.416667,13.416667,afternoon,
__import__.schedule_framework_cfgb_3_07,__import__.schedule_framework_cfgb,Free,3,13.416667,14.416667,afternoon,
__import__.schedule_framework_cfgb_3_08,__import__.schedule_framework_cfgb,Free,3,16,17,afternoon,
__import__.schedule_framework_cfgb_3_09,__import__.schedule_framework_cfgb,Free,3,17,18,afternoon,
__import__.schedule_framework_cfgb_3_10,__import__.schedule_framework_cfgb,BR: Break,3,18,18.333333,afternoon,ems.non_teaching_br
__import__.schedule_framework_cfgb_3_11,__import__.schedule_framework_cfgb,Free,3,18.333333,19.333333,afternoon,
__import__.schedule_framework_cfgb_3_12,__import__.schedule_framework_cfgb,Free,3,19.333333,20.333333,afternoon,
__import__.schedule_framework_cfgb_3_13,__import__.schedule_framework_cfgb,Free,3,20.333333,21.333333,afternoon,
__import__.schedule_framework_cfgb_4_01,__import__.schedule_framework_cfgb,Free,4,8,9,morning,
__import__.schedule_framework_cfgb_4_02,__import__.schedule_framework_cfgb,Free,4,9,10,morning,
__import__.schedule_framework_cfgb_4_03,__import__.schedule_framework_cfgb,Free,4,10,11,morning,
__import__.schedule_framework_cfgb_4_04,__import__.schedule_framework_cfgb,BR: Break,4,11,11.416667,morning,ems.non_teaching_br
__import__.schedule_framework_cfgb_4_05,__import__.schedule_framework_cfgb,Free,4,11.416667,12.416667,morning,
__import__.schedule_framework_cfgb_4_06,__import__.schedule_framework_cfgb,Free,4,12.416667,13.416667,afternoon,
__import__.schedule_framework_cfgb_4_07,__import__.schedule_framework_cfgb,Free,4,13.416667,14.416667,afternoon,
__import__.schedule_framework_cfgb_4_08,__import__.schedule_framework_cfgb,Free,4,16,17,afternoon,
__import__.schedule_framework_cfgb_4_09,__import__.schedule_framework_cfgb,Free,4,17,18,afternoon,
__import__.schedule_framework_cfgb_4_10,__import__.schedule_framework_cfgb,BR: Break,4,18,18.333333,afternoon,ems.non_teaching_br
__import__.schedule_framework_cfgb_4_11,__import__.schedule_framework_cfgb,Free,4,18.333333,19.333333,afternoon,
__import__.schedule_framework_cfgb_4_12,__import__.schedule_framework_cfgb,Free,4,19.333333,20.333333,afternoon,
__import__.schedule_framework_cfgb_4_13,__import__.schedule_framework_cfgb,Free,4,20.333333,21.333333,afternoon,
__import__.schedule_framework_cfgb_2_01,__import__.schedule_framework_cfgb,Free,2,8,9,morning,
__import__.schedule_framework_cfgb_2_02,__import__.schedule_framework_cfgb,Free,2,9,10,morning,
__import__.schedule_framework_cfgb_2_03,__import__.schedule_framework_cfgb,Free,2,10,11,morning,
__import__.schedule_framework_cfgb_2_04,__import__.schedule_framework_cfgb,BR: Break,2,11,11.416667,morning,ems.non_teaching_br
__import__.schedule_framework_cfgb_2_05,__import__.schedule_framework_cfgb,Free,2,11.416667,12.416667,morning,
__import__.schedule_framework_cfgb_2_06,__import__.schedule_framework_cfgb,Free,2,12.416667,13.416667,afternoon,
__import__.schedule_framework_cfgb_2_07,__import__.schedule_framework_cfgb,CM: Coordination Meeting,2,14,16,afternoon,ems.non_teaching_cm
__import__.schedule_framework_cfgb_2_08,__import__.schedule_framework_cfgb,Free,2,16,17,afternoon,
__import__.schedule_framework_cfgb_2_09,__import__.schedule_framework_cfgb,Free,2,17,18,afternoon,
__import__.schedule_framework_cfgb_2_10,__import__.schedule_framework_cfgb,BR: Break,2,18,18.333333,afternoon,ems.non_teaching_br
__import__.schedule_framework_cfgb_2_11,__import__.schedule_framework_cfgb,Free,2,18.333333,19.333333,afternoon,
__import__.schedule_framework_cfgb_2_12,__import__.schedule_framework_cfgb,Free,2,19.333333,20.333333,afternoon,
__import__.schedule_framework_cfgb_2_13,__import__.schedule_framework_cfgb,Free,2,20.333333,21.333333,afternoon,
__import__.schedule_framework_efps_0_01,__import__.schedule_framework_efps,Free,0,8,9,morning,
__import__.schedule_framework_efps_0_02,__import__.schedule_framework_efps,Free,0,9,10,morning,
__import__.schedule_framework_efps_0_03,__import__.schedule_framework_efps,Free,0,10,11,morning,
__import__.schedule_framework_efps_0_04,__import__.schedule_framework_efps,BR: Break,0,11,11.416667,morning,ems.non_teaching_br
__import__.schedule_framework_efps_0_05,__import__.schedule_framework_efps,Free,0,11.416667,12.416667,morning,
__import__.schedule_framework_efps_0_06,__import__.schedule_framework_efps,Free,0,12.416667,13.416667,afternoon,
__import__.schedule_framework_efps_0_07,__import__.schedule_framework_efps,Free,0,13.416667,14.416667,afternoon,
__import__.schedule_framework_efps_0_08,__import__.schedule_framework_efps,Free,0,16,17,afternoon,
__import__.schedule_framework_efps_0_09,__import__.schedule_framework_efps,Free,0,17,18,afternoon,
__import__.schedule_framework_efps_0_10,__import__.schedule_framework_efps,BR: Break,0,18,18.333333,afternoon,ems.non_teaching_br
__import__.schedule_framework_efps_0_11,__import__.schedule_framework_efps,Free,0,18.333333,19.333333,afternoon,
__import__.schedule_framework_efps_0_12,__import__.schedule_framework_efps,Free,0,19.333333,20.333333,afternoon,
__import__.schedule_framework_efps_0_13,__import__.schedule_framework_efps,Free,0,20.333333,21.333333,afternoon,
__import__.schedule_framework_efps_1_01,__import__.schedule_framework_efps,Free,1,8,9,morning,
__import__.schedule_framework_efps_1_02,__import__.schedule_framework_efps,Free,1,9,10,morning,
__import__.schedule_framework_efps_1_03,__import__.schedule_framework_efps,Free,1,10,11,morning,
__import__.schedule_framework_efps_1_04,__import__.schedule_framework_efps,BR: Break,1,11,11.416667,morning,ems.non_teaching_br
__import__.schedule_framework_efps_1_05,__import__.schedule_framework_efps,Free,1,11.416667,12.416667,morning,
__import__.schedule_framework_efps_1_06,__import__.schedule_framework_efps,Free,1,12.416667,13.416667,afternoon,
__import__.schedule_framework_efps_1_07,__import__.schedule_framework_efps,Free,1,13.416667,14.416667,afternoon,
__import__.schedule_framework_efps_1_08,__import__.schedule_framework_efps,Free,1,16,17,afternoon,
__import__.schedule_framework_efps_1_09,__import__.schedule_framework_efps,Free,1,17,18,afternoon,
__import__.schedule_framework_efps_1_10,__import__.schedule_framework_efps,BR: Break,1,18,18.333333,afternoon,ems.non_teaching_br
__import__.schedule_framework_efps_1_11,__import__.schedule_framework_efps,Free,1,18.333333,19.333333,afternoon,
__import__.schedule_framework_efps_1_12,__import__.schedule_framework_efps,Free,1,19.333333,20.333333,afternoon,
__import__.schedule_framework_efps_1_13,__import__.schedule_framework_efps,Free,1,20.333333,21.333333,afternoon,
__import__.schedule_framework_efps_3_01,__import__.schedule_framework_efps,Free,3,8,9,morning,
__import__.schedule_framework_efps_3_02,__import__.schedule_framework_efps,Free,3,9,10,morning,
__import__.schedule_framework_efps_3_03,__import__.schedule_framework_efps,Free,3,10,11,morning,
__import__.schedule_framework_efps_3_04,__import__.schedule_framework_efps,BR: Break,3,11,11.416667,morning,ems.non_teaching_br
__import__.schedule_framework_efps_3_05,__import__.schedule_framework_efps,Free,3,11.416667,12.416667,morning,
__import__.schedule_framework_efps_3_06,__import__.schedule_framework_efps,Free,3,12.416667,13.416667,afternoon,
__import__.schedule_framework_efps_3_07,__import__.schedule_framework_efps,Free,3,13.416667,14.416667,afternoon,
__import__.schedule_framework_efps_3_08,__import__.schedule_framework_efps,Free,3,16,17,afternoon,
__import__.schedule_framework_efps_3_09,__import__.schedule_framework_efps,Free,3,17,18,afternoon,
__import__.schedule_framework_efps_3_10,__import__.schedule_framework_efps,BR: Break,3,18,18.333333,afternoon,ems.non_teaching_br
__import__.schedule_framework_efps_3_11,__import__.schedule_framework_efps,Free,3,18.333333,19.333333,afternoon,
__import__.schedule_framework_efps_3_12,__import__.schedule_framework_efps,Free,3,19.333333,20.333333,afternoon,
__import__.schedule_framework_efps_3_13,__import__.schedule_framework_efps,Free,3,20.333333,21.333333,afternoon,
__import__.schedule_framework_efps_4_01,__import__.schedule_framework_efps,Free,4,8,9,morning,
__import__.schedule_framework_efps_4_02,__import__.schedule_framework_efps,Free,4,9,10,morning,
__import__.schedule_framework_efps_4_03,__import__.schedule_framework_efps,Free,4,10,11,morning,
__import__.schedule_framework_efps_4_04,__import__.schedule_framework_efps,BR: Break,4,11,11.416667,morning,ems.non_teaching_br
__import__.schedule_framework_efps_4_05,__import__.schedule_framework_efps,Free,4,11.416667,12.416667,morning,
__import__.schedule_framework_efps_4_06,__import__.schedule_framework_efps,Free,4,12.416667,13.416667,afternoon,
__import__.schedule_framework_efps_4_07,__import__.schedule_framework_efps,Free,4,13.416667,14.416667,afternoon,
__import__.schedule_framework_efps_4_08,__import__.schedule_framework_efps,Free,4,16,17,afternoon,
__import__.schedule_framework_efps_4_09,__import__.schedule_framework_efps,Free,4,17,18,afternoon,
__import__.schedule_framework_efps_4_10,__import__.schedule_framework_efps,BR: Break,4,18,18.333333,afternoon,ems.non_teaching_br
__import__.schedule_framework_efps_4_11,__import__.schedule_framework_efps,Free,4,18.333333,19.333333,afternoon,
__import__.schedule_framework_efps_4_12,__import__.schedule_framework_efps,Free,4,19.333333,20.333333,afternoon,
__import__.schedule_framework_efps_4_13,__import__.schedule_framework_efps,Free,4,20.333333,21.333333,afternoon,
__import__.schedule_framework_efps_2_01,__import__.schedule_framework_efps,Free,2,8,9,morning,
__import__.schedule_framework_efps_2_02,__import__.schedule_framework_efps,Free,2,9,10,morning,
__import__.schedule_framework_efps_2_03,__import__.schedule_framework_efps,Free,2,10,11,morning,
__import__.schedule_framework_efps_2_04,__import__.schedule_framework_efps,BR: Break,2,11,11.416667,morning,ems.non_teaching_br
__import__.schedule_framework_efps_2_05,__import__.schedule_framework_efps,Free,2,11.416667,12.416667,morning,
__import__.schedule_framework_efps_2_06,__import__.schedule_framework_efps,Free,2,12.416667,13.416667,afternoon,
__import__.schedule_framework_efps_2_07,__import__.schedule_framework_efps,CM: Coordination Meeting,2,14,16,afternoon,ems.non_teaching_cm
__import__.schedule_framework_efps_2_08,__import__.schedule_framework_efps,Free,2,16,17,afternoon,
__import__.schedule_framework_efps_2_09,__import__.schedule_framework_efps,Free,2,17,18,afternoon,
__import__.schedule_framework_efps_2_10,__import__.schedule_framework_efps,BR: Break,2,18,18.333333,afternoon,ems.non_teaching_br
__import__.schedule_framework_efps_2_11,__import__.schedule_framework_efps,Free,2,18.333333,19.333333,afternoon,
__import__.schedule_framework_efps_2_12,__import__.schedule_framework_efps,Free,2,19.333333,20.333333,afternoon,
__import__.schedule_framework_efps_2_13,__import__.schedule_framework_efps,Free,2,20.333333,21.333333,afternoon,
__import__.schedule_framework_pfi_0_01,__import__.schedule_framework_pfi,Free,0,8,9,morning,
__import__.schedule_framework_pfi_0_02,__import__.schedule_framework_pfi,Free,0,9,10,morning,
__import__.schedule_framework_pfi_0_03,__import__.schedule_framework_pfi,Free,0,10,11,morning,
__import__.schedule_framework_pfi_0_04,__import__.schedule_framework_pfi,BR: Break,0,11,11.416667,morning,ems.non_teaching_br
__import__.schedule_framework_pfi_0_05,__import__.schedule_framework_pfi,Free,0,11.416667,12.416667,morning,
__import__.schedule_framework_pfi_0_06,__import__.schedule_framework_pfi,Free,0,12.416667,13.416667,afternoon,
__import__.schedule_framework_pfi_0_07,__import__.schedule_framework_pfi,Free,0,13.416667,14.416667,afternoon,
__import__.schedule_framework_pfi_0_08,__import__.schedule_framework_pfi,Free,0,16,17,afternoon,
__import__.schedule_framework_pfi_0_09,__import__.schedule_framework_pfi,Free,0,17,18,afternoon,
__import__.schedule_framework_pfi_0_10,__import__.schedule_framework_pfi,BR: Break,0,18,18.333333,afternoon,ems.non_teaching_br
__import__.schedule_framework_pfi_0_11,__import__.schedule_framework_pfi,Free,0,18.333333,19.333333,afternoon,
__import__.schedule_framework_pfi_0_12,__import__.schedule_framework_pfi,Free,0,19.333333,20.333333,afternoon,
__import__.schedule_framework_pfi_0_13,__import__.schedule_framework_pfi,Free,0,20.333333,21.333333,afternoon,
__import__.schedule_framework_pfi_1_01,__import__.schedule_framework_pfi,Free,1,8,9,morning,
__import__.schedule_framework_pfi_1_02,__import__.schedule_framework_pfi,Free,1,9,10,morning,
__import__.schedule_framework_pfi_1_03,__import__.schedule_framework_pfi,Free,1,10,11,morning,
__import__.schedule_framework_pfi_1_04,__import__.schedule_framework_pfi,BR: Break,1,11,11.416667,morning,ems.non_teaching_br
__import__.schedule_framework_pfi_1_05,__import__.schedule_framework_pfi,Free,1,11.416667,12.416667,morning,
__import__.schedule_framework_pfi_1_06,__import__.schedule_framework_pfi,Free,1,12.416667,13.416667,afternoon,
__import__.schedule_framework_pfi_1_07,__import__.schedule_framework_pfi,Free,1,13.416667,14.416667,afternoon,
__import__.schedule_framework_pfi_1_08,__import__.schedule_framework_pfi,Free,1,16,17,afternoon,
__import__.schedule_framework_pfi_1_09,__import__.schedule_framework_pfi,Free,1,17,18,afternoon,
__import__.schedule_framework_pfi_1_10,__import__.schedule_framework_pfi,BR: Break,1,18,18.333333,afternoon,ems.non_teaching_br
__import__.schedule_framework_pfi_1_11,__import__.schedule_framework_pfi,Free,1,18.333333,19.333333,afternoon,
__import__.schedule_framework_pfi_1_12,__import__.schedule_framework_pfi,Free,1,19.333333,20.333333,afternoon,
__import__.schedule_framework_pfi_1_13,__import__.schedule_framework_pfi,Free,1,20.333333,21.333333,afternoon,
__import__.schedule_framework_pfi_3_01,__import__.schedule_framework_pfi,Free,3,8,9,morning,
__import__.schedule_framework_pfi_3_02,__import__.schedule_framework_pfi,Free,3,9,10,morning,
__import__.schedule_framework_pfi_3_03,__import__.schedule_framework_pfi,Free,3,10,11,morning,
__import__.schedule_framework_pfi_3_04,__import__.schedule_framework_pfi,BR: Break,3,11,11.416667,morning,ems.non_teaching_br
__import__.schedule_framework_pfi_3_05,__import__.schedule_framework_pfi,Free,3,11.416667,12.416667,morning,
__import__.schedule_framework_pfi_3_06,__import__.schedule_framework_pfi,Free,3,12.416667,13.416667,afternoon,
__import__.schedule_framework_pfi_3_07,__import__.schedule_framework_pfi,Free,3,13.416667,14.416667,afternoon,
__import__.schedule_framework_pfi_3_08,__import__.schedule_framework_pfi,Free,3,16,17,afternoon,
__import__.schedule_framework_pfi_3_09,__import__.schedule_framework_pfi,Free,3,17,18,afternoon,
__import__.schedule_framework_pfi_3_10,__import__.schedule_framework_pfi,BR: Break,3,18,18.333333,afternoon,ems.non_teaching_br
__import__.schedule_framework_pfi_3_11,__import__.schedule_framework_pfi,Free,3,18.333333,19.333333,afternoon,
__import__.schedule_framework_pfi_3_12,__import__.schedule_framework_pfi,Free,3,19.333333,20.333333,afternoon,
__import__.schedule_framework_pfi_3_13,__import__.schedule_framework_pfi,Free,3,20.333333,21.333333,afternoon,
__import__.schedule_framework_pfi_4_01,__import__.schedule_framework_pfi,Free,4,8,9,morning,
__import__.schedule_framework_pfi_4_02,__import__.schedule_framework_pfi,Free,4,9,10,morning,
__import__.schedule_framework_pfi_4_03,__import__.schedule_framework_pfi,Free,4,10,11,morning,
__import__.schedule_framework_pfi_4_04,__import__.schedule_framework_pfi,BR: Break,4,11,11.416667,morning,ems.non_teaching_br
__import__.schedule_framework_pfi_4_05,__import__.schedule_framework_pfi,Free,4,11.416667,12.416667,morning,
__import__.schedule_framework_pfi_4_06,__import__.schedule_framework_pfi,Free,4,12.416667,13.416667,afternoon,
__import__.schedule_framework_pfi_4_07,__import__.schedule_framework_pfi,Free,4,13.416667,14.416667,afternoon,
__import__.schedule_framework_pfi_4_08,__import__.schedule_framework_pfi,Free,4,16,17,afternoon,
__import__.schedule_framework_pfi_4_09,__import__.schedule_framework_pfi,Free,4,17,18,afternoon,
__import__.schedule_framework_pfi_4_10,__import__.schedule_framework_pfi,BR: Break,4,18,18.333333,afternoon,ems.non_teaching_br
__import__.schedule_framework_pfi_4_11,__import__.schedule_framework_pfi,Free,4,18.333333,19.333333,afternoon,
__import__.schedule_framework_pfi_4_12,__import__.schedule_framework_pfi,Free,4,19.333333,20.333333,afternoon,
__import__.schedule_framework_pfi_4_13,__import__.schedule_framework_pfi,Free,4,20.333333,21.333333,afternoon,
__import__.schedule_framework_pfi_2_01,__import__.schedule_framework_pfi,Free,2,8,9,morning,
__import__.schedule_framework_pfi_2_02,__import__.schedule_framework_pfi,Free,2,9,10,morning,
__import__.schedule_framework_pfi_2_03,__import__.schedule_framework_pfi,Free,2,10,11,morning,
__import__.schedule_framework_pfi_2_04,__import__.schedule_framework_pfi,BR: Break,2,11,11.416667,morning,ems.non_teaching_br
__import__.schedule_framework_pfi_2_05,__import__.schedule_framework_pfi,Free,2,11.416667,12.416667,morning,
__import__.schedule_framework_pfi_2_06,__import__.schedule_framework_pfi,Free,2,12.416667,13.416667,afternoon,
__import__.schedule_framework_pfi_2_07,__import__.schedule_framework_pfi,CM: Coordination Meeting,2,14,16,afternoon,ems.non_teaching_cm
__import__.schedule_framework_pfi_2_08,__import__.schedule_framework_pfi,Free,2,16,17,afternoon,
__import__.schedule_framework_pfi_2_09,__import__.schedule_framework_pfi,Free,2,17,18,afternoon,
__import__.schedule_framework_pfi_2_10,__import__.schedule_framework_pfi,BR: Break,2,18,18.333333,afternoon,ems.non_teaching_br
__import__.schedule_framework_pfi_2_11,__import__.schedule_framework_pfi,Free,2,18.333333,19.333333,afternoon,
__import__.schedule_framework_pfi_2_12,__import__.schedule_framework_pfi,Free,2,19.333333,20.333333,afternoon,
__import__.schedule_framework_pfi_2_13,__import__.schedule_framework_pfi,Free,2,20.333333,21.333333,afternoon,
