id,type_id/id,section_id/id,sequence,required
__import__.minute_type_section_generic_previous,__import__.minute_type_generic,__import__.minute_section_previous,10,0
__import__.minute_type_section_generic_agreement_followup,__import__.minute_type_generic,__import__.minute_section_agreement_followup,20,0
__import__.minute_type_section_generic_agenda,__import__.minute_type_generic,__import__.minute_section_agenda,30,0
__import__.minute_type_section_generic_development,__import__.minute_type_generic,__import__.minute_section_development,40,1
__import__.minute_type_section_generic_requests,__import__.minute_type_generic,__import__.minute_section_requests,50,0
__import__.minute_type_section_generic_agreements,__import__.minute_type_generic,__import__.minute_section_agreements,60,0
__import__.minute_type_section_generic_pending,__import__.minute_type_generic,__import__.minute_section_pending,70,0
__import__.minute_type_section_generic_annexes,__import__.minute_type_generic,__import__.minute_section_annexes,80,0
__import__.minute_type_section_generic_signature,__import__.minute_type_generic,__import__.minute_section_signature,90,0
__import__.minute_type_section_dep_ccff_previous,__import__.minute_type_dep_ccff,__import__.minute_section_previous,10,0
__import__.minute_type_section_dep_ccff_agreement_followup,__import__.minute_type_dep_ccff,__import__.minute_section_agreement_followup,20,0
__import__.minute_type_section_dep_ccff_harmonisation,__import__.minute_type_dep_ccff,__import__.minute_section_harmonisation,30,0
__import__.minute_type_section_dep_ccff_clil,__import__.minute_type_dep_ccff,__import__.minute_section_clil,40,0
__import__.minute_type_section_dep_ccff_agenda,__import__.minute_type_dep_ccff,__import__.minute_section_agenda,50,0
__import__.minute_type_section_dep_ccff_development,__import__.minute_type_dep_ccff,__import__.minute_section_development,60,1
__import__.minute_type_section_dep_ccff_requests,__import__.minute_type_dep_ccff,__import__.minute_section_requests,70,0
__import__.minute_type_section_dep_ccff_agreements,__import__.minute_type_dep_ccff,__import__.minute_section_agreements,80,0
__import__.minute_type_section_dep_ccff_pending,__import__.minute_type_dep_ccff,__import__.minute_section_pending,90,0
__import__.minute_type_section_dep_ccff_annexes,__import__.minute_type_dep_ccff,__import__.minute_section_annexes,100,0
__import__.minute_type_section_dep_ccff_signature,__import__.minute_type_dep_ccff,__import__.minute_section_signature,110,0
__import__.minute_type_section_dep_eso_previous,__import__.minute_type_dep_eso,__import__.minute_section_previous,10,0
__import__.minute_type_section_dep_eso_agreement_followup,__import__.minute_type_dep_eso,__import__.minute_section_agreement_followup,20,0
__import__.minute_type_section_dep_eso_agenda,__import__.minute_type_dep_eso,__import__.minute_section_agenda,30,0
__import__.minute_type_section_dep_eso_development,__import__.minute_type_dep_eso,__import__.minute_section_development,40,1
__import__.minute_type_section_dep_eso_requests,__import__.minute_type_dep_eso,__import__.minute_section_requests,50,0
__import__.minute_type_section_dep_eso_agreements,__import__.minute_type_dep_eso,__import__.minute_section_agreements,60,0
__import__.minute_type_section_dep_eso_pending,__import__.minute_type_dep_eso,__import__.minute_section_pending,70,0
__import__.minute_type_section_dep_eso_annexes,__import__.minute_type_dep_eso,__import__.minute_section_annexes,80,0
__import__.minute_type_section_dep_eso_signature,__import__.minute_type_dep_eso,__import__.minute_section_signature,90,0
__import__.minute_type_section_claustre_agenda,__import__.minute_type_claustre,__import__.minute_section_agenda,10,0
__import__.minute_type_section_claustre_development,__import__.minute_type_claustre,__import__.minute_section_development,20,1
__import__.minute_type_section_claustre_requests,__import__.minute_type_claustre,__import__.minute_section_requests,30,0
__import__.minute_type_section_claustre_agreements,__import__.minute_type_claustre,__import__.minute_section_agreements,40,0
__import__.minute_type_section_claustre_pending,__import__.minute_type_claustre,__import__.minute_section_pending,50,0
__import__.minute_type_section_claustre_annexes,__import__.minute_type_claustre,__import__.minute_section_annexes,60,0
__import__.minute_type_section_claustre_signature,__import__.minute_type_claustre,__import__.minute_section_signature,70,0
__import__.minute_type_section_teaching_team_previous,__import__.minute_type_teaching_team,__import__.minute_section_previous,10,0
__import__.minute_type_section_teaching_team_agreement_followup,__import__.minute_type_teaching_team,__import__.minute_section_agreement_followup,20,0
__import__.minute_type_section_teaching_team_agenda,__import__.minute_type_teaching_team,__import__.minute_section_agenda,30,0
__import__.minute_type_section_teaching_team_development,__import__.minute_type_teaching_team,__import__.minute_section_development,40,1
__import__.minute_type_section_teaching_team_requests,__import__.minute_type_teaching_team,__import__.minute_section_requests,50,0
__import__.minute_type_section_teaching_team_agreements,__import__.minute_type_teaching_team,__import__.minute_section_agreements,60,0
__import__.minute_type_section_teaching_team_pending,__import__.minute_type_teaching_team,__import__.minute_section_pending,70,0
__import__.minute_type_section_teaching_team_annexes,__import__.minute_type_teaching_team,__import__.minute_section_annexes,80,0
__import__.minute_type_section_teaching_team_signature,__import__.minute_type_teaching_team,__import__.minute_section_signature,90,0
__import__.minute_type_section_team_const_constitution,__import__.minute_type_team_const,__import__.minute_section_constitution,10,1
__import__.minute_type_section_team_const_calendar,__import__.minute_type_team_const,__import__.minute_section_calendar,20,0
__import__.minute_type_section_team_const_summary,__import__.minute_type_team_const,__import__.minute_section_summary,30,0
__import__.minute_type_section_team_const_method,__import__.minute_type_team_const,__import__.minute_section_method,40,0
__import__.minute_type_section_team_const_objectives,__import__.minute_type_team_const,__import__.minute_section_objectives,50,0
__import__.minute_type_section_team_const_requests,__import__.minute_type_team_const,__import__.minute_section_requests,60,0
__import__.minute_type_section_team_const_agreements,__import__.minute_type_team_const,__import__.minute_section_agreements,70,0
__import__.minute_type_section_team_const_pending,__import__.minute_type_team_const,__import__.minute_section_pending,80,0
__import__.minute_type_section_team_const_annexes,__import__.minute_type_team_const,__import__.minute_section_annexes,90,0
__import__.minute_type_section_team_const_signature,__import__.minute_type_team_const,__import__.minute_section_signature,100,0
__import__.minute_type_section_team_meeting_previous,__import__.minute_type_team_meeting,__import__.minute_section_previous,10,0
__import__.minute_type_section_team_meeting_agreement_followup,__import__.minute_type_team_meeting,__import__.minute_section_agreement_followup,20,0
__import__.minute_type_section_team_meeting_agenda,__import__.minute_type_team_meeting,__import__.minute_section_agenda,30,0
__import__.minute_type_section_team_meeting_development,__import__.minute_type_team_meeting,__import__.minute_section_development,40,1
__import__.minute_type_section_team_meeting_requests,__import__.minute_type_team_meeting,__import__.minute_section_requests,50,0
__import__.minute_type_section_team_meeting_agreements,__import__.minute_type_team_meeting,__import__.minute_section_agreements,60,0
__import__.minute_type_section_team_meeting_pending,__import__.minute_type_team_meeting,__import__.minute_section_pending,70,0
__import__.minute_type_section_team_meeting_annexes,__import__.minute_type_team_meeting,__import__.minute_section_annexes,80,0
__import__.minute_type_section_team_meeting_signature,__import__.minute_type_team_meeting,__import__.minute_section_signature,90,0
__import__.minute_type_section_team_end_previous,__import__.minute_type_team_end,__import__.minute_section_previous,10,0
__import__.minute_type_section_team_end_agreement_followup,__import__.minute_type_team_end,__import__.minute_section_agreement_followup,20,0
__import__.minute_type_section_team_end_objectives,__import__.minute_type_team_end,__import__.minute_section_objectives,30,0
__import__.minute_type_section_team_end_development,__import__.minute_type_team_end,__import__.minute_section_development,40,1
__import__.minute_type_section_team_end_agreements,__import__.minute_type_team_end,__import__.minute_section_agreements,50,0
__import__.minute_type_section_team_end_pending,__import__.minute_type_team_end,__import__.minute_section_pending,60,0
__import__.minute_type_section_team_end_annexes,__import__.minute_type_team_end,__import__.minute_section_annexes,70,0
__import__.minute_type_section_team_end_signature,__import__.minute_type_team_end,__import__.minute_section_signature,80,0
